{
  "id": "3733828",
  "name": "SearchEngine",
  "font_family": "elements-icons",
  "css_prefix_text": "el-icon",
  "description": "",
  "glyphs": [
    {
      "icon_id": "386337",
      "name": "叉",
      "font_class": "cha",
      "unicode": "e61a",
      "unicode_decimal": 58906
    },
    {
      "icon_id": "577364",
      "name": "首页",
      "font_class": "shouye",
      "unicode": "e751",
      "unicode_decimal": 59217
    },
    {
      "icon_id": "658008",
      "name": "多语言",
      "font_class": "duoyuyan",
      "unicode": "e654",
      "unicode_decimal": 58964
    },
    {
      "icon_id": "777634",
      "name": "来源",
      "font_class": "source",
      "unicode": "e60d",
      "unicode_decimal": 58893
    },
    {
      "icon_id": "385304",
      "name": "ppt",
      "font_class": "ppt",
      "unicode": "e6a7",
      "unicode_decimal": 59047
    },
    {
      "icon_id": "3878694",
      "name": "视频",
      "font_class": "video",
      "unicode": "e61f",
      "unicode_decimal": 58911
    },
    {
      "icon_id": "15838516",
      "name": "pdf",
      "font_class": "pdf",
      "unicode": "e67a",
      "unicode_decimal": 59002
    },
    {
      "icon_id": "30697767",
      "name": "元数据-引用",
      "font_class": "yuanshuju-yinyong",
      "unicode": "e62c",
      "unicode_decimal": 58924
    },
    {
      "icon_id": "33172808",
      "name": "更多",
      "font_class": "gengduo",
      "unicode": "e601",
      "unicode_decimal": 58881
    },
    {
      "icon_id": "5638802",
      "name": "搜索",
      "font_class": "sousuo",
      "unicode": "e617",
      "unicode_decimal": 58903
    }
  ]
}
